month,period,da_mae,rt_mae,spread_mae
2026-02,1,87.71446219852992,112.471147201973,88.19998743854302
2026-02,2,84.0174201965332,100.78709394726575,68.85383819523105
2026-02,3,96.71167251927511,119.22922545081052,60.17100302888508
2026-02,4,92.20358816112791,122.99605570613716,68.34773695789548
2026-02,5,94.75263221740722,121.99890192323143,67.66252630055376
2026-02,6,90.29604663508279,130.38426844544705,72.01739499015373
2026-02,7,80.41095952374596,135.47420460472742,71.68912951287062
2026-02,8,75.3128887122018,122.28967102896252,78.50183375958471
2026-02,9,116.77845606940132,164.58207923563975,68.80664317453667
2026-02,10,105.74859176261084,171.69829123354904,115.61308564185026
2026-02,11,100.18313843148096,164.41913665216165,120.93708827834328
2026-02,12,107.97417526517596,123.00996812144443,102.88258968209159
2026-02,13,103.26922598430089,132.0657534289072,105.07220950501993
2026-02,14,106.01448852130345,118.61011992365549,103.98645079850019
2026-02,15,92.42682802881514,119.65573076024964,94.88444642583785
2026-02,16,136.80897521700177,202.00873717914075,102.24722053887854
2026-02,17,60.03954055104937,144.0902009424036,116.5469663065301
2026-02,18,70.47871276855469,105.36993595558828,70.3487752321871
2026-02,19,77.91563972473145,85.9486892815711,60.675913920048785
2026-02,20,74.89955758231028,92.42270589775106,69.64735420405398
2026-02,21,79.4533818762643,87.97889435536379,69.29084650551164
2026-02,22,80.13998977388655,102.982878383698,83.6922739672756
2026-02,23,72.68453146525792,114.71036661962177,79.5331085559217
2026-02,24,80.56287917545863,105.51344423551626,83.56033583071704
2026-03,1,78.79278613675025,126.74939302522837,56.89455066701569
2026-03,2,67.03413654942666,114.5927572698843,57.55780612298878
2026-03,3,63.42608378748741,110.26037731641975,70.05121537534562
2026-03,4,60.91142810452369,111.03946993602925,77.57321208657665
2026-03,5,61.34121820265247,101.01214914789125,61.629816815569875
2026-03,6,60.53900298087828,110.54652760125543,61.58623567099653
2026-03,7,66.30141522807462,100.58586074172288,57.27430868483179
2026-03,8,48.51923834031627,106.40848858849895,73.03946392478566
2026-03,9,98.11158661873111,181.30659360236757,155.48237754487258
2026-03,10,109.48864436430316,199.5475839003413,178.51103282244085
2026-03,11,97.14065744246206,181.6179830860598,176.53678857495197
2026-03,12,97.99676290450556,159.04688379957597,166.2239048824654
2026-03,13,85.94574975029114,106.4285573252593,119.9814736953412
2026-03,14,86.99732900250343,120.5913979140961,118.73762177424197
2026-03,15,84.19772717383599,126.52579449406575,116.00013435936904
2026-03,16,84.48912729263306,163.74886904231073,130.33786388733358
2026-03,17,73.25305301789315,126.13789055603128,80.73945081825666
2026-03,18,47.74325482768397,103.91083998966869,50.36985263248254
2026-03,19,47.460992234753036,99.85258272185554,58.3105416311515
2026-03,20,57.23957570722025,109.17405377242541,58.05521005872665
2026-03,21,57.519973282352574,112.24247903005718,62.82597113485154
2026-03,22,56.04238881757182,121.70484983178328,63.47771015638908
2026-03,23,67.57104049190399,125.45225211169328,69.14934090689493
2026-03,24,67.99257590017011,122.17540300939378,70.95290159454892
2026-04,1,95.95889660644531,104.833368508997,41.48695084987762
2026-04,2,87.71151597086588,84.5597981990205,33.868541047234565
2026-04,3,77.19544891357423,75.56876053381139,31.163115376357243
2026-04,4,74.03182440185546,73.83228695531103,31.594727897278364
2026-04,5,82.19631404622396,78.28401855605323,33.26426199208845
2026-04,6,84.2550180867513,78.90170791092709,40.98293882497943
2026-04,7,70.493627532959,85.92256043195593,67.60986688060638
2026-04,8,85.83547636413574,165.68011197343068,113.11523432477897
2026-04,9,73.20310436058044,171.23746992172892,105.23468051384576
2026-04,10,81.67769116838774,145.2628405363977,107.18524769236384
2026-04,11,88.41520118236541,111.70998632781563,77.24638930649469
2026-04,12,76.4386008237203,118.75246376812032,87.2794986399938
2026-04,13,72.76697379811604,100.52527529363101,79.50045064666395
2026-04,14,90.09768021837868,125.67505313003188,138.03186454549788
2026-04,15,86.38595130125682,138.48705935696415,147.15796987251446
2026-04,16,94.96737862237295,182.53988431678323,170.90407970084502
2026-04,17,104.2563143310547,180.33610625440537,162.14375450203326
2026-04,18,82.5469563598633,105.59650300598653,62.835786304297045
2026-04,19,66.69024969482422,93.41137654251446,55.55533055652885
2026-04,20,83.46645829264322,95.55567864150073,59.50215232473997
2026-04,21,78.65515765380859,112.54587527506719,77.42081648082176
2026-04,22,75.11637717692057,111.2957242417379,78.2836497398032
2026-04,23,85.70848268636068,116.89888261262745,79.62879544360355
2026-04,24,77.95219234212239,103.67423702516659,56.69337636034148
2026-05,1,83.03876846805694,100.71533775276511,59.262509453644014
2026-05,2,77.8850564279864,87.39778842070425,61.50920799844616
2026-05,3,64.32273957283266,79.06759148302905,60.841048662550556
2026-05,4,63.51440969159526,90.41668769647508,67.38854105486293
2026-05,5,71.73326061617944,91.3710395198265,61.07094575724832
2026-05,6,67.00357047788557,94.49332290441832,81.0143624187947
2026-05,7,87.36590543685419,133.50619618191925,104.95986015986969
2026-05,8,76.97948076186643,134.35043858930072,106.29617560550271
2026-05,9,81.88396987915038,119.88837990701148,90.96075944004859
2026-05,10,65.25790844825006,95.94855247240929,63.93661836303271
2026-05,11,60.87177991928593,71.15178915852707,59.955117932048545
2026-05,12,56.535209705416236,74.40799643255708,60.50453109726126
2026-05,13,55.813497677926094,71.0943989416376,60.20852374958743
2026-05,14,63.58303934166508,77.2659120534749,72.22111452420515
2026-05,15,77.858154577286,60.06867577621409,77.69863091820602
2026-05,16,73.74358905423071,142.7478355215083,130.43779620383512
2026-05,17,104.36699348695817,158.95545597377793,122.2595075282244
2026-05,18,86.71744928175403,112.42494231172205,97.8005270175968
2026-05,19,96.66948781659528,80.64259587720285,68.00004259344774
2026-05,20,93.34978110036542,75.88016765190281,65.36028315467549
2026-05,21,82.76511966828376,72.62915086873664,70.94858672891131
2026-05,22,89.1609570706275,80.87649310288327,65.46634937550108
2026-05,23,85.37476089969758,85.14974823771672,72.58663335069053
2026-05,24,80.42961421843498,81.72872066280375,69.05445059642659
2026-06,1,49.63412272135416,81.47145331002999,56.94371707374754
2026-06,2,54.66130065917969,76.31121120274719,55.66870279399719
2026-06,3,57.22477860514323,73.93279896171414,58.51278215527796
2026-06,4,67.07373978678385,68.34838806876618,49.70977176263611
2026-06,5,50.322894571940104,78.64156524702527,49.41126563164231
2026-06,6,57.81051037597656,85.6719752001546,53.53437131635471
2026-06,7,46.32940005493164,159.6783964786566,123.12339056459676
2026-06,8,66.1434172821045,145.73458166105962,151.94115739270055
2026-06,9,88.87234318733216,178.7666410867604,176.86004794262308
2026-06,10,91.29503233210247,193.59480253755189,191.4200270221876
2026-06,11,86.7366500213941,180.80163381170416,178.81069517353893
2026-06,12,61.02512941964467,154.57790895871776,141.57721635779941
2026-06,13,61.65945246950786,98.1032685711437,111.15007885982955
2026-06,14,71.25805387862523,126.18710259649671,114.20159967742664
2026-06,15,67.97830281511943,91.11832458848556,92.3443482843525
2026-06,16,88.70500513203939,137.04845317162278,138.68585383171973
2026-06,17,56.368814636230475,114.24583601757028,103.47688951025336
2026-06,18,49.161306925455726,96.14252740240285,59.19367626285084
2026-06,19,45.63602400716145,104.93937086965794,59.781019966321196
2026-06,20,46.558473917643234,99.84230180575076,49.46161271522378
2026-06,21,57.034415934244784,104.28458870944552,48.98359169307831
2026-06,22,66.48342899576824,101.63690602713837,45.95941224809521
2026-06,23,56.65521708170572,101.30917422002176,56.31852038604775
2026-06,24,57.96764518229167,98.79699749876295,67.77428464216798
2026-07,1,34.78297776745212,47.987932220297644,42.94126373054211
2026-07,2,42.919531289377524,73.65993908179375,43.89472535983664
2026-07,3,29.334825360698087,42.32795843855851,36.49188331562255
2026-07,4,22.870659534085185,36.623885277148055,27.68254564406708
2026-07,5,21.78829558341734,35.46225770206192,28.025281587920414
2026-07,6,28.008970514112903,37.14227196400965,31.670042115282428
2026-07,7,34.78568579889113,45.49877678308826,47.85722200135618
2026-07,8,53.963453644783264,88.28902985162989,94.56223604088319
2026-07,9,63.05481941469254,123.2731475323882,134.1901863851651
2026-07,10,74.06754538259199,146.31457594494884,160.78902126053563
2026-07,11,71.38559767200101,129.3189053958584,128.4959742361293
2026-07,12,71.79847679876512,112.49794890742137,99.66712432619293
2026-07,13,76.07838281446887,136.693442155113,155.26911456453186
2026-07,14,91.0351476164787,112.89378628990704,138.70266404938226
2026-07,15,106.3595521594632,127.44248468035124,120.22407459041237
2026-07,16,75.28149951565649,94.93654871983446,93.64236243910632
2026-07,17,42.671357658140124,74.29911367527754,66.77332793892533
2026-07,18,35.577363084362396,71.54974589358734,84.47540816163712
2026-07,19,41.936861729775714,100.64060111730649,113.93786104273052
2026-07,20,41.91320521200856,96.85730098012239,105.26862299983414
2026-07,21,48.8985130654612,81.89369471612945,91.02392288304928
2026-07,22,38.61401760962702,62.419658470312875,71.93713106110633
2026-07,23,33.76800777312248,54.51615301315295,61.37361005322904
2026-07,24,40.13571033108619,46.72023244112811,52.58007445407686
2026-08,1,32.955195548765126,44.33296054892545,24.242308207291295
2026-08,2,45.083447265625004,61.628899343103136,32.854315819345835
2026-08,3,36.095711551789314,44.057924540864114,22.64551928518441
2026-08,4,29.506689059349796,36.11403644507974,22.618466198601052
2026-08,5,27.944075179561494,34.123325888853834,22.769051792018804
2026-08,6,30.651432317918342,35.4445143578889,24.19402055233901
2026-08,7,24.28616490517893,40.54795641707697,30.94769435663508
2026-08,8,42.14356498472153,66.10267268048052,48.22230923396711
2026-08,9,64.97590202085433,98.95235867924531,68.14144689333179
2026-08,10,73.93375336677799,106.70141669374482,81.71507233390417
2026-08,11,77.06860455912928,112.41739808731616,80.50318908113813
2026-08,12,78.94698992329258,136.64028609492365,95.07420609891314
2026-08,13,75.92094773815522,129.17358325524592,83.4437613863384
2026-08,14,79.33916847475112,116.69983864438127,72.01702085317814
2026-08,15,75.38604563067037,89.71062318115112,74.11432399494726
2026-08,16,41.40721923828124,65.80972171491605,53.61797456873166
2026-08,17,37.566395657447075,57.75008690866751,48.034695643701774
2026-08,18,44.974220837008566,47.01666403227685,34.894878261776086
2026-08,19,44.58645578692037,50.65644547469857,34.21518713095761
2026-08,20,45.47703719600553,50.55653009174149,29.471280522272572
2026-08,21,42.245389798072075,49.71487941093538,32.28676207674637
2026-08,22,43.9849390435988,53.31599049072452,33.105490028038304
2026-08,23,41.26931286227318,50.93530233887863,29.262948786339713
2026-08,24,41.15089186145413,49.314265498262984,29.56931657002131
2026-09,1,27.48920446777344,37.84379470069564,18.964436928724062
2026-09,2,22.36471858723959,33.785379222824155,19.180631922360217
2026-09,3,27.489907267252605,33.692924574372796,16.180181077764068
2026-09,4,25.21814599609375,33.56576823117768,17.099541362116685
2026-09,5,24.59949381510416,35.27784157292472,14.859413849982154
2026-09,6,22.412109578450522,37.39402765027649,14.614957236374265
2026-09,7,17.163031453450518,36.060547989957165,25.061639166401513
2026-09,8,48.26137989298502,96.95224250173364,52.799072837012204
2026-09,9,71.77958534495036,103.09707738699528,66.44744310946568
2026-09,10,80.536660642306,138.70466574072515,95.95477038837534
2026-09,11,92.77263828086852,159.4432232513376,112.6410945569335
2026-09,12,97.2549108206431,176.55825705889882,122.82885134112522
2026-09,13,97.21960697611173,201.71552214632868,126.07594253978576
2026-09,14,93.89885713926951,186.29391343037594,133.95701267285688
2026-09,15,98.70685687987012,162.3114507793719,115.35743582954859
2026-09,16,55.62686646525065,108.50716497853426,74.64919953160644
2026-09,17,29.857233133951823,98.12892122058996,73.87573382711386
2026-09,18,24.514009033203127,46.51593725001251,26.70811619067689
2026-09,19,26.278448160807297,39.486214905285706,22.99608115077251
2026-09,20,22.558393798828124,36.78892839557806,22.475776699539797
2026-09,21,24.646617106119795,36.87868839194857,22.611093585508033
2026-09,22,25.891116821289057,38.80996371045716,22.07598917476852
2026-09,23,25.395007975260416,35.54085137874054,21.674095519600424
2026-09,24,27.068095784505207,35.91395658000946,22.489474345580565
